"Certification ID","Organisation Name","Date Authorised","Status","Reason for status change","Status effective from date","Measures offered"
"ECMA30059","City Energy South Wales Ltd","05/05/2017","Authorised","re-authorised","08/05/2017","Domestic"
"EESA12136","Aura Gas Ltd","28/02/2017","Authorised","re-authorised","24/03/2017","Domestic"
"STRA14927","Urban Renewable Power","13/03/2017","Authorised","initial authorisation","14/03/2017","Domestic"
"ECMA30010","Green Hut Energy Ltd","01/03/2017","Authorised","initial authorisation","01/03/2017","Domestic"
"EESA12134","Carbon Saving Solutions","24/06/2015","Authorised","initial authorisation","27/02/2017","Domestic"
"EESA12135","BCA Insulation Ltd","17/12/2013","Authorised","initial authorisation","16/02/2017","Domestic"
"EESA12130","Egnida Limited","13/08/2013","Authorised","re-authorised","16/02/2017","Domestic"
"EESA12133","EMH Housing & Regeneration Ltd, T/A EMH Homes","09/04/2013","Authorised","re-authorised","08/02/2017","Domestic"
"EESA12129","Shetland Island Council","29/08/2014","Authorised","re-authorised","11/01/2017","Domestic"
"EESA12132","Ecologic Energy","02/10/2013","Authorised","initial authorisation","10/01/2017","Domestic"
"ECMA30057","Marshall & McCourt Plumbing and Heating Contractors Ltd","10/01/2017","Authorised","initial authorisation","10/01/2017","Domestic"
"EESA12128","West London Energy Assessors","31/01/2014","Authorised","initial authorisation","05/01/2017","Domestic"
"ECMA30056","EPC Online","22/12/2016","Authorised","initial authorisation","22/12/2016","Domestic"
"EESA37212","Target EPC Ltd","21/12/2016","Authorised","initial authorisation","21/12/2016","Domestic"
"BSIA09582","BCA Insulation Ltd","17/12/2013","Authorised","initial authorisation","20/12/2016","Domestic"
"BREA00001","Green Deal Advisor Association","28/09/2012","Authorised","initial authorisation","20/12/2016","Domestic"
"BREA00014","Federation of Groundwork Trusts","02/10/2013","Authorised","initial authorisation","20/12/2016","Domestic"
"BREA00016","MakeMyHomeGreen","25/10/2013","Authorised","initial authorisation","20/12/2016","Domestic"
"EESA12072","Simple Energy Scotland Limited","07/03/2014","Authorised","initial authorisation","20/12/2016","Domestic"
"BSIA37212","Target EPC Ltd","27/05/2015","Authorised","initial authorisation","20/12/2016","Domestic"
"BSIA37963","Dyson Energy Services Ltd","09/06/2015","Authorised","initial authorisation","20/12/2016","Domestic"
"EESA12106","Green Deal Advisor Association","28/09/2012","Authorised","initial authorisation","20/12/2016","Domestic,Non-domestic"
"BSIA94008","Vibrant Energy Matters Ltd","29/11/2012","Withdrawn","voluntary withdrawal","20/12/2016","Domestic"
"BSIA94771","Scenergy Limited","09/01/2013","Withdrawn","non-compliance","20/12/2016","Domestic"
"BSIA96141","Elvet Construction Consultants","12/02/2013","Withdrawn","non-compliance","20/12/2016","Domestic"
"BSIA96692","The Green Deal Advice Service Ltd","26/02/2013","Withdrawn","non-compliance","20/12/2016","Domestic"
"BSIA97418","Energy Basics Limited","13/03/2013","Withdrawn","non-compliance","20/12/2016","Domestic"
"BSIA98524","Sustainable Home Survey Company C.I.C.","16/04/2013","Withdrawn","non-compliance","20/12/2016","Domestic"
"BSIA98763","InstaGroup Limited","19/04/2013","Withdrawn","voluntary withdrawal","20/12/2016","Domestic"
"BSIA98214","EMH Housing & Regeneration Ltd, T/A EMH Homes","09/04/2013","Authorised","re-authorised","20/12/2016","Domestic"
"BSIA99852","Climate Energy Limited","28/05/2013","Suspended","non-compliance","20/12/2016","Domestic"
"BSIA00325","Marshall and McCourt Plumbing and Heating Contractors Limited","06/06/2013","Authorised","initial authorisation","20/12/2016","Domestic"
"BSIA02238","E.ON UK PLC","23/07/2013","Authorised","initial authorisation","20/12/2016","Domestic"
"BSIA02914","Egnida Limited","13/08/2013","Authorised","re-authorised","20/12/2016","Domestic"
"BSIA05514","Evolve Partnership Limited","11/09/2013","Authorised","initial authorisation","20/12/2016","Domestic"
"BSIA06219","EDF Energy Customers PLC","24/09/2013","Withdrawn","voluntary withdrawal","20/12/2016","Domestic"
"BSIA06469","Ecologic Energy","02/10/2013","Authorised","initial authorisation","20/12/2016","Domestic"
"BSIA11165","West London Energy Assessors","31/01/2014","Authorised","initial authorisation","20/12/2016","Domestic"
"BSIA12399","Solarwise Renewables Ltd","05/03/2014","Withdrawn","voluntary withdrawal","20/12/2016","Domestic"
"BSIA15025","Gully Howard Technical","12/05/2014","Withdrawn","non-compliance","20/12/2016","Domestic"
"BSIA19997","Southern Energy Solutions (Property Services) Ltd","03/09/2014","Withdrawn","voluntary withdrawal","20/12/2016","Domestic"
"BSIA20466","Idea Energy Surveys Limited","16/09/2014","Withdrawn","voluntary withdrawal","20/12/2016","Domestic"
"STRA10001","Home Survey Reports Ltd.","05/10/2012","Withdrawn","voluntary withdrawal","20/12/2016","Domestic"
"STRA10002","UK Green Deal Advisory Service Ltd.","26/10/2012","Withdrawn","non-renewal of membership","20/12/2016","Domestic"
"STRA10004","CV Energy Ltd.","09/11/2012","Withdrawn","non-renewal of membership","20/12/2016","Domestic"
"STRA10006","DWA Surveyors Ltd.","09/11/2012","Withdrawn","non-renewal of membership","20/12/2016","Domestic"
"STRA10012","Infinity Energy Organisation Ltd","14/11/2012","Withdrawn","non-renewal of membership","20/12/2016","Domestic"
"STRA10007","British Gas New Heating Ltd","23/11/2012","Withdrawn","non-renewal of membership","08/02/2017","Domestic"
"STRA10010","Green Eco Grants Ltd","30/11/2012","Withdrawn","non-renewal of membership","20/12/2016","Domestic"
"STRA10011","The Green Deal Shop.com Ltd","30/11/2012","Withdrawn","non-renewal of membership","20/12/2016","Domestic"
"STRA10014","Eco-Residential Ltd","21/12/2012","Withdrawn","non-renewal of membership","20/12/2016","Domestic"
"STRA10018","Heat and Power Solutions Ltd","18/01/2013","Authorised","initial authorisation","20/12/2016","Domestic"
"STRA10019","The 80percent Hub Ltd","25/01/2013","Withdrawn","non-renewal of membership","20/12/2016","Domestic"
"STRA10022","Energy Max UK Ltd T/A CarbonLow Certification","01/02/2013","Withdrawn","ceased trading","20/12/2016","Domestic"
"STRA10024","Idea Energy Surveys Ltd","01/02/2013","Withdrawn","non-renewal of membership","30/01/2017","Domestic"
"STRA10025","First Property Services UK Ltd","01/02/2013","Withdrawn","non-renewal of membership","20/12/2016","Domestic"
"STRA10028","Greenworks Green Deal","11/02/2013","Withdrawn","non-renewal of membership","20/12/2016","Domestic"
"STRA10029","Kwh Renewables Ltd","15/02/2013","Withdrawn","non-renewal of membership","20/12/2016","Domestic"
"STRA10031","A & M Energy Solutions Ltd","17/02/2013","Authorised","initial authorisation","20/12/2016","Domestic"
"STRA10033","STL Heating & Energy Ltd","25/02/2013","Withdrawn","non-renewal of membership","20/12/2016","Domestic"
"STRA10036","Keepmoat Regeneration Limited","04/03/2013","Withdrawn","non-renewal of membership","04/04/2017","Domestic"
"STRA10037","Jane Needham Ltd","08/03/2013","Withdrawn","non-renewal of membership","20/12/2016","Domestic"
"STRA10039","South West Green Deal Advice Service Ltd","15/03/2013","Withdrawn","non-renewal of membership","20/12/2016","Domestic"
"STRA10041","Vibrant Energy Matters","15/03/2013","Withdrawn","voluntary withdrawal","20/12/2016","Domestic"
"STRA10043","Aran Services Ltd","25/03/2013","Authorised","initial authorisation","20/12/2016","Domestic"
"STRA10045","McArdleKay T/A Local Green Deal Advice","03/04/2013","Withdrawn","non-renewal of membership","20/12/2016","Domestic"
"STRA10048","Ecomorph Ltd","05/04/2013","Withdrawn","non-renewal of membership","20/12/2016","Domestic"
"STRA10053","3JP Property Reports","05/04/2013","Withdrawn","non-renewal of membership","20/12/2016","Domestic"
"STRA10054","Energy Review Ltd","12/04/2013","Withdrawn","non-renewal of membership","20/12/2016","Domestic"
"STRA10055","RCG Energy Ltd","12/04/2013","Withdrawn","non-renewal of membership","20/12/2016","Domestic"
"STRA10059","Northwest Searches Ltd","12/04/2013","Withdrawn","non-renewal of membership","20/12/2016","Domestic"
"STRA10060","Michael Dyson Associates Limited","12/04/2013","Withdrawn","non-renewal of membership","20/12/2016","Domestic"
"STRA10061","Capita Business Services Ltd","12/04/2013","Withdrawn","non-renewal of membership","20/12/2016","Domestic"
"STRA10063","Llewellyn Smith Ltd","19/04/2013","Withdrawn","non-renewal of membership","20/12/2016","Domestic"
"STRA10064","Wheldon Homes Ltd T/A Wheldon Green Deal","19/04/2013","Withdrawn","non-renewal of membership","20/12/2016","Domestic"
"STRA10069","Wirral Green Deal Advisors Ltd","26/04/2013","Withdrawn","non-renewal of membership","20/12/2016","Domestic"
"STRA10070","TheGreenAge Ltd","26/04/2013","Withdrawn","non-renewal of membership","20/12/2016","Domestic"
"STRA10072","Green Deal Atlantic Ltd","03/05/2013","Withdrawn","non-renewal of membership","20/12/2016","Domestic"
"STRA10073","Energy Specifics Ltd","03/05/2013","Authorised","re-authorised","20/12/2016","Domestic"
"STRA10076","Green Deal Advice Midlands Limited","10/05/2013","Withdrawn","non-renewal of membership","20/12/2016","Domestic"
"STRA10083","Portsmouth City Council","17/05/2013","Withdrawn","non-renewal of membership","20/12/2016","Domestic"
"STRA10084","Property and Training Solutions Ltd","24/05/2013","Withdrawn","non-renewal of membership","20/12/2016","Domestic"
"STRA10085","SERS Energy Solutions Ltd","30/05/2013","Withdrawn","non-renewal of membership","20/12/2016","Domestic"
"STRA10088","Warm Zones CIC","30/05/2013","Authorised","initial authorisation","20/12/2016","Domestic"
"STRA10092","Green4Homes Ltd","07/06/2013","Withdrawn","non-renewal of membership","20/12/2016","Domestic"
"STRA10093","Green Deal Britannia Ltd","14/06/2013","Withdrawn","non-renewal of membership","20/12/2016","Domestic"
"STRA10099","Eco Home Alternatives Ltd","21/06/2013","Withdrawn","non-renewal of membership","20/12/2016","Domestic"
"STRA10100","Go-Green Energy (Group) Ltd","21/06/2013","Withdrawn","non-renewal of membership","20/12/2016","Domestic"
"STRA10101","Twyford Homes Ltd","21/06/2013","Withdrawn","non-renewal of membership","20/12/2016","Domestic"
"STRA10102","Ellipse Energy Limited","28/06/2013","Authorised","initial authorisation","20/12/2016","Domestic"
"STRA10104","Westdale Services Ltd Doncaster","28/06/2013","Authorised","re-authorised","20/12/2016","Domestic"
"STRA10105","Green Energy Advisor Ltd","28/06/2013","Withdrawn","non-renewal of membership","20/12/2016","Domestic"
"STRA10107","NEP Energy Services Ltd","28/06/2013","Authorised","initial authorisation","20/12/2016","Domestic"
"STRA10115","Greens Surveyors Ltd","12/07/2013","Withdrawn","non-renewal of membership","20/12/2016","Domestic"
"STRA10116","Castle Green Services Ltd","12/07/2013","Withdrawn","non-renewal of membership","20/12/2016","Domestic"
"STRA10117","Cube Property Maintenance Ltd","12/07/2013","Withdrawn","non-renewal of membership","20/12/2016","Domestic"
"STRA10120","G8 Eco Systems Limited","19/07/2013","Withdrawn","ceased trading","20/12/2016","Domestic"
"STRA10121","EnergyWiseUK Ltd","19/07/2013","Withdrawn","non-renewal of membership","20/12/2016","Domestic"
"STRA10123","Osborne Energy Limited","26/07/2013","Withdrawn","non-renewal of membership","20/12/2016","Domestic"
"STRA10125","Green Yorkshire Limited","02/08/2013","Withdrawn","non-renewal of membership","20/12/2016","Domestic"
"STRA10126","G. Purchase Construction Ltd","02/08/2013","Withdrawn","non-renewal of membership","20/12/2016","Domestic"
"STRA10127","InBuild Solutions Ltd","09/08/2013","Withdrawn","non-renewal of membership","20/12/2016","Domestic"
"STRA10129","AAA Green Solutions Ltd","16/08/2013","Withdrawn","non-renewal of membership","20/12/2016","Domestic"
"STRA10130","A Greener Deal Limited","23/08/2013","Withdrawn","non-renewal of membership","20/12/2016","Domestic"
"STRA10131","E.ON UK PLC","23/08/2013","Withdrawn","non-renewal of membership","20/12/2016","Domestic"
"STRA10135","Vincentian Homes and Services (VHS) Limited","06/09/2013","Withdrawn","non-renewal of membership","20/12/2016","Domestic"
"STRA10136","Your Energy Advisor Ltd","06/09/2013","Withdrawn","ceased trading","20/12/2016","Domestic"
"STRA10138","Retford Property Services Limited","13/09/2013","Withdrawn","non-renewal of membership","20/12/2016","Domestic"
"STRA10139","Greenoke Assessments & Installations Ltd","13/09/2013","Withdrawn","non-renewal of membership","20/12/2016","Domestic"
"STRA10143","Energy Smart (UK) Ltd","27/09/2013","Authorised","initial authorisation","20/12/2016","Domestic"
"STRA10144","Southdale Ltd T/A Greendale","27/09/2013","Withdrawn","non-renewal of membership","20/12/2016","Domestic"
"STRA10145","2 RED Ltd","04/10/2013","Withdrawn","non-renewal of membership","20/12/2016","Domestic"
"STRA10146","GDA Surveys Limited","04/10/2013","Withdrawn","non-renewal of membership","20/12/2016","Domestic"
"STRA10148","Green Deal Upgrade","04/10/2013","Withdrawn","non-renewal of membership","20/12/2016","Domestic"
"STRA10149","Green Consulting UK Ltd","04/10/2013","Withdrawn","non-renewal of membership","20/12/2016","Domestic"
"STRA10150","Green Energy Scotland Limited","11/10/2013","Authorised","initial authorisation","20/12/2016","Domestic"
"STRA10151","Community Energy Plus","18/10/2013","Withdrawn","non-renewal of membership","20/12/2016","Domestic"
"STRA10153","The Green Deal Assessment Company Kent Ltd T/A Green Deal Assessments Kent","25/10/2013","Withdrawn","non-renewal of membership","20/12/2016","Domestic"
"STRA10156","East Riding of Yorkshire Council","15/11/2013","Withdrawn","non-renewal of membership","20/12/2016","Domestic"
"STRA10157","Servicetotal Limited","15/11/2013","Withdrawn","non-renewal of membership","20/12/2016","Domestic"
"STRA10158","Infinite-Energy-UK Ltd","15/11/2013","Withdrawn","non-renewal of membership","20/12/2016","Domestic"
"STRA10159","E Green Energy Ltd","15/11/2013","Withdrawn","ceased trading","20/12/2016","Domestic"
"STRA10160","Origin UK Energy Services Ltd","22/11/2013","Authorised","initial authorisation","20/12/2016","Domestic"
"STRA10161","H & M Collier LLP T/A Claywood Energy","29/11/2013","Withdrawn","non-renewal of membership","20/12/2016","Domestic"
"STRA10162","Greendeal Assessors Kent Ltd","29/11/2013","Withdrawn","non-renewal of membership","20/12/2016","Domestic"
"STRA10169","Carbon Hub Ltd","10/01/2014","Withdrawn","non-renewal of membership","20/12/2016","Domestic"
"STRA10170","ISO Energy Ltd","17/01/2014","Withdrawn","non-renewal of membership","20/12/2016","Domestic"
"STRA10171","Shetland Islands Council","17/01/2014","Withdrawn","non-renewal of membership","16/01/2017","Domestic"
"STRA10172","Husky Heat Pumps Ltd","24/01/2014","Withdrawn","non-renewal of membership","20/12/2016","Domestic"
"STRA10174","Elite Home and Commercial Ltd","31/01/2014","Withdrawn","non-renewal of membership","20/12/2016","Domestic"
"STRA10175","Excelsior Energy","07/02/2014","Authorised","initial authorisation","20/12/2016","Domestic"
"STRA10176","Green Deal & ECO Property Services Limited","07/02/2014","Withdrawn","non-renewal of membership","20/12/2016","Domestic"
"STRA10177","Greener Homes 4 You Ltd","07/02/2014","Withdrawn","non-renewal of membership","20/12/2016","Domestic"
"STRA10178","Coast2Coast Energy Ltd","14/02/2014","Withdrawn","non-renewal of membership","20/12/2016","Domestic"
"STRA10179","Sustainable Homes & Gardens Ltd","14/02/2014","Withdrawn","non-renewal of membership","20/12/2016","Domestic"
"STRA10182","Munster Energy Limited","28/02/2014","Withdrawn","non-renewal of membership","20/12/2016","Domestic"
"STRA10183","Aura Gas Ltd T/A Aura Energy","28/02/2014","Withdrawn","non-renewal of membership","28/03/2017","Domestic"
"STRA10184","Enhance Energy Solutions LTD","14/03/2014","Withdrawn","non-renewal of membership","20/12/2016","Domestic"
"STRA10185","Groundwork North Wales","14/03/2014","Withdrawn","non-renewal of membership","20/12/2016","Domestic"
"STRA10186","Enhanced Carbon Savings Ltd","28/03/2014","Authorised","re-authorised","20/12/2016","Domestic"
"STRA10187","Domestic & General Heating Ltd","28/03/2014","Withdrawn","non-renewal of membership","20/12/2016","Domestic"
"STRA10189","SCS Network Services T/A Sprint Energy","28/03/2014","Withdrawn","non-renewal of membership","20/12/2016","Domestic"
"STRA10190","Help-Link UK Ltd","04/04/2014","Withdrawn","non-renewal of membership","20/12/2016","Domestic"
"STRA10191","GHS Heating Solutions","04/04/2014","Withdrawn","non-renewal of membership","20/12/2016","Domestic"
"STRA10192","Home Solar Power TA Mr Renewables","04/04/2014","Withdrawn","non-renewal of membership","20/12/2016","Domestic"
"STRA10193","Apex Green Ltd","11/04/2014","Withdrawn","non-renewal of membership","20/12/2016","Domestic"
"STRA10194","Envirozone UK Ltd","17/04/2014","Withdrawn","non-renewal of membership","20/12/2016","Domestic"
"STRA10195","Interglow Contracts","17/04/2014","Authorised","re-authorised","20/12/2016","Domestic"
"STRA10196","Capture Carbon Limited","25/04/2014","Withdrawn","non-renewal of membership","20/12/2016","Domestic"
"STRA10197","Haigh Plumbing and Heating Ltd","25/04/2014","Withdrawn","non-renewal of membership","15/02/2017","Domestic"
"STRA10198","A Deal Greener Ltd.","02/05/2014","Withdrawn","non-renewal of membership","20/12/2016","Domestic"
"STRA10199","D K Hughes Plumbing Ltd","09/05/2014","Withdrawn","non-renewal of membership","15/02/2017","Domestic"
"STRA10201","Chris Hunter T/A Energess energy Services","23/05/2014","Withdrawn","non-renewal of membership","20/12/2016","Domestic"
"STRA10202","Hamilton (Building Contractors) Ltd","30/05/2014","Withdrawn","non-renewal of membership","20/12/2016","Domestic"
"STRA10204","Trade 2 LTd","06/06/2014","Withdrawn","non-renewal of membership","20/12/2016","Domestic"
"STRA10205","Green Deal Solutions Ltd","06/06/2014","Withdrawn","non-renewal of membership","15/02/2017","Domestic"
"STRA10206","Green Carbon Assessments","06/06/2014","Authorised","initial authorisation","20/12/2016","Domestic"
"STRA10207","Riverside Energy Solutions Ltd","06/06/2014","Withdrawn","non-renewal of membership","20/12/2016","Domestic"
"STRA10210","BYCS Ltd","13/06/2014","Withdrawn","non-renewal of membership","20/12/2016","Domestic"
"STRA10211","Green Deal West Midlands Ltd","13/06/2014","Withdrawn","non-renewal of membership","20/12/2016","Domestic"
"STRA10212","Eclipse Renewable Energy Ltd","13/06/2014","Withdrawn","non-renewal of membership","20/12/2016","Domestic"
"STRA10214","Renewable Planet Ltd","20/06/2014","Withdrawn","non-renewal of membership","20/12/2016","Domestic"
"STRA10215","BMRE Ltd T/A JBM-Services","20/06/2014","Withdrawn","non-renewal of membership","20/12/2016","Domestic"
"STRA10217","UK Green Deal Network Ltd","20/06/2014","Withdrawn","non-renewal of membership","20/12/2016","Domestic"
"STRA10218","Tempo Insulation Services Ltd","20/06/2014","Withdrawn","non-renewal of membership","20/12/2016","Domestic"
"STRA10219","Green Leaf Efficiencies Limited","20/06/2014","Withdrawn","non-renewal of membership","20/12/2016","Domestic"
"STRA10220","Energy Saving Solutions Inc Ltd","20/06/2014","Withdrawn","non-renewal of membership","20/12/2016","Domestic"
"STRA10221","Coolheat Energy Systems","27/06/2014","Withdrawn","non-renewal of membership","20/12/2016","Domestic"
"STRA10222","Northern Gas Heating Ltd","04/07/2014","Authorised","initial authorisation","20/12/2016","Domestic"
"STRA10223","West Coast Energy Scotland Ltd","04/07/2014","Withdrawn","non-renewal of membership","20/12/2016","Domestic"
"STRA10224","City Energy South Wales","04/07/2014","Withdrawn","non-renewal of membership","20/12/2016","Domestic"
"STRA10225","Peter O","04/07/2014","Withdrawn","non-renewal of membership","20/12/2016","Domestic"
"STRA10226","Thornton Engineering (UK) LTD","04/07/2014","Withdrawn","voluntary withdrawal","20/12/2016","Domestic"
"STRA10228","Wirral Eco Homes","11/07/2014","Withdrawn","non-renewal of membership","15/02/2017","Domestic"
"STRA10229","21st century Eco-Homes Ltd","11/07/2014","Withdrawn","non-renewal of membership","20/12/2016","Domestic"
"STRA10230","KW Consultancy Limited","18/07/2014","Withdrawn","ceased trading","20/12/2016","Domestic"
"STRA10231","Superseal Limited","18/07/2014","Withdrawn","non-renewal of membership","20/12/2016","Domestic"
"STRA10233","Green Deal Your Home Ltd","18/07/2014","Withdrawn","non-renewal of membership","20/12/2016","Domestic"
"STRA10234","Happy Energy Ltd","25/07/2014","Withdrawn","non-renewal of membership","20/12/2016","Domestic"
"STRA10235","Lifestyle Heating Limited","01/08/2014","Withdrawn","non-renewal of membership","20/12/2016","Domestic"
"STRA10236","JSC Property Services Ltd T/A Green Deal UK Direct","08/08/2014","Withdrawn","non-renewal of membership","20/12/2016","Domestic"
"STRA10237","Green Deal First Ltd","08/08/2014","Withdrawn","non-renewal of membership","20/12/2016","Domestic"
"STRA10238","Ocean Services Ltd","15/08/2014","Withdrawn","non-renewal of membership","20/12/2016","Domestic"
"STRA10240","MLCS3","22/08/2014","Authorised","initial authorisation","20/12/2016","Domestic"
"STRA10241","Act On Carbon","22/08/2014","Withdrawn","non-renewal of membership","20/12/2016","Domestic"
"STRA10242","GDR Surveyors Limited","29/08/2014","Withdrawn","non-renewal of membership","20/12/2016","Domestic"
"STRA10243","Domestic Energy Savers Ltd","29/08/2014","Withdrawn","non-renewal of membership","20/12/2016","Domestic"
"STRA10244","Green Deal Eco","29/08/2014","Withdrawn","non-renewal of membership","20/12/2016","Domestic"
"STRA10245","PECT Consultancy Ltd","05/09/2014","Withdrawn","non-renewal of membership","20/12/2016","Domestic"
"STRA10246","Gener8 Power & Efficiency Ltd","05/09/2014","Withdrawn","non-renewal of membership","20/12/2016","Domestic"
"STRA10247","Green Deal Organisation T/A Regents & Hyde (uk) Ltd","05/09/2014","Withdrawn","non-renewal of membership","20/12/2016","Domestic"
"STRA10248","Capital Energy Solutions","05/09/2014","Withdrawn","non-renewal of membership","20/12/2016","Domestic"
"STRA10249","Green Energy Initiative Limited","05/09/2014","Withdrawn","non-renewal of membership","20/12/2016","Domestic"
"STRA10250","Energy Move Ltd","12/09/2014","Withdrawn","non-renewal of membership","20/12/2016","Domestic"
"STRA10251","E-Co Green","19/09/2014","Withdrawn","non-renewal of membership","20/12/2016","Domestic"
"STRA10252","G2V Limited","19/09/2014","Withdrawn","non-renewal of membership","20/12/2016","Domestic"
"STRA10253","Birchwood Eco Heating Ltd","19/09/2014","Withdrawn","non-renewal of membership","20/12/2016","Domestic"
"STRA10254","Energysave Northwest Ltd","26/09/2014","Withdrawn","non-renewal of membership","20/12/2016","Domestic"
"STRA10255","Network Energy Limited","26/09/2014","Withdrawn","non-renewal of membership","20/12/2016","Domestic"
"BREA00011","Concept Energy Solutions Limited","08/09/2013","Authorised","initial authorisation","20/12/2016","Non-domestic"
"BREA00015","Job Worth Doing Ltd","11/10/2013","Authorised","initial authorisation","20/12/2016","Domestic"
"BREA00017","Sasie Ltd","02/12/2013","Authorised","initial authorisation","20/12/2016","Domestic"
"BREA00005","Reporting Limited","28/01/2013","Authorised","initial authorisation","20/12/2016","Domestic"
"BREA00018","Clouds Environmental Consultancy Ltd","23/07/2014","Authorised","initial authorisation","20/12/2016","Non-domestic"
"CIBA00001","digitalenergy Ltd","01/02/2013","Withdrawn","voluntary withdrawal","20/12/2016","Non-domestic"
"ECMA00005","Green Deal Highland","31/01/2013","Withdrawn","non-renewal of membership","20/12/2016","Domestic"
"ECMA00006","MEB Total Limited","06/02/2013","Withdrawn","voluntary withdrawal","27/01/2017","Domestic"
"ECMA00007","Green Deal Ayrshire Ltd","01/03/2013","Withdrawn","other","20/12/2016","Domestic"
"ECMA00012","Northfield Ecocentre","27/03/2013","Withdrawn","voluntary withdrawal","20/12/2016","Domestic"
"ECMA00022","Independent EPC Services (Highland)","04/10/2013","Withdrawn","voluntary withdrawal","20/12/2016","Domestic"
"ECMA00028","Ayrshire Energy Reports","28/03/2014","Authorised","initial authorisation","20/12/2016","Domestic"
"EESA12002","The National EPC Company","01/10/2012","Withdrawn","ceased trading","20/12/2016","Domestic"
"EESA12003","Mark Group Limited","01/10/2012","Withdrawn","ceased trading","20/12/2016","Domestic"
"EESA12008","Woodend Safety & Sustainability","07/01/2013","Withdrawn","voluntary withdrawal","20/12/2016","Domestic"
"EESA12010","EAS - Energy Assessors Services Limited","14/01/2013","Authorised","initial authorisation","20/12/2016","Domestic"
"EESA12011","Twyford Homes Limited","23/01/2013","Suspended","non-compliance","20/12/2016","Domestic"
"EESA12012","Everwarm","04/02/2013","Authorised","re-authorised","20/12/2016","Domestic"
"EESA12013","Foster Renewable Energies Ltd","06/02/2013","Suspended","non-compliance","20/12/2016","Domestic"
"EESA12014","Dyson Energy Services Ltd","08/02/2013","Authorised","re-authorised","20/12/2016","Domestic"
"EESA12016","Effective Energy Solutions","08/02/2013","Suspended","non-compliance","20/12/2016","Domestic"
"EESA12019","A Ward Heating & Renewables Limited","01/03/2013","Suspended","non-compliance","20/12/2016","Domestic"
"EESA12023","TADEA Limited","08/03/2013","Withdrawn","voluntary withdrawal","20/12/2016","Domestic"
"EESA12025","Energy Savings 4 You Limited","08/03/2013","Suspended","non-compliance","20/12/2016","Domestic"
"EESA12027","Andrew Martin Harrington T/A Alnwick Properties","25/03/2013","Authorised","initial authorisation","20/12/2016","Domestic"
"EESA12028","Home Energy & Lifestyle Management Ltd T/A HELMS","03/04/2014","Withdrawn","ceased trading","20/12/2016","Domestic"
"EESA12031","Green Deal  Consult Ltd/TA Easy EPC","19/04/2013","Suspended","non-compliance","20/12/2016","Domestic"
"EESA12035","Green Deal Union Ltd","03/05/2013","Withdrawn","ceased trading","20/12/2016","Domestic"
"EESA12036","The Office Your Office","08/05/2013","Withdrawn","voluntary withdrawal","20/12/2016","Domestic"
"EESA12037","Sussex Green Deal Assessor","13/05/2013","Withdrawn","voluntary withdrawal","20/12/2016","Domestic"
"EESA12038","GHE Solar Limited","24/05/2013","Withdrawn","voluntary withdrawal","20/12/2016","Domestic"
"EESA12043","Innerleaf Energy Limited","14/06/2013","Suspended","non-compliance","20/12/2016","Domestic"
"EESA12045","Pentland Energy Advice","21/06/2013","Authorised","re-authorised","20/12/2016","Domestic"
"EESA12046","Wise Energy (UK) Ltd","28/06/2013","Authorised","initial authorisation","20/12/2016","Domestic"
"EESA12047","Alba Insulation Limited","05/07/2013","Authorised","initial authorisation","20/12/2016","Domestic"
"EESA12049","Optimum Technical Services Ltd","26/07/2013","Authorised","re-authorised","22/03/2017","Domestic"
"EESA12050","Severn Wye Energy Agency Ltd","26/07/2013","Withdrawn","voluntary withdrawal","20/12/2016","Domestic"
"EESA12051","Pennington Choices Ltd","09/08/2013","Suspended","non-compliance","20/12/2016","Domestic"
"EESA12053","Plymouth Drake Consultancy Limited","23/08/2013","Withdrawn","voluntary withdrawal","20/12/2016","Domestic"
"EESA12054","NEEB Green Deal","06/09/2013","Withdrawn","voluntary withdrawal","20/12/2016","Domestic"
"EESA12055","Logical Insulation Solutions Limited","27/09/2013","Withdrawn","voluntary withdrawal","20/12/2016","Domestic"
"EESA12056","Futurum Renewable Energy Systems Limited","27/09/2013","Suspended","non-compliance","20/12/2016","Domestic"
"EESA12057","Green Consulting (UK) Ltd","10/10/2013","Withdrawn","non-compliance","20/12/2016","Domestic"
"EESA12058","Green Deal Solutions","24/10/2013","Suspended","non-compliance","20/12/2016","Domestic"
"EESA12062","Mechanical Design Consultancy Ltd","21/11/2014","Suspended","non-compliance","20/12/2016","Domestic"
"EESA12063","Harper Vale Limited","22/11/2013","Withdrawn","voluntary withdrawal","20/12/2016","Domestic"
"EESA12065","DPS Sussex Limited","06/12/2013","Suspended","non-compliance","20/12/2016","Domestic"
"EESA12066","Energy Solution Direct UK Limited","10/01/2014","Suspended","non-compliance","20/12/2016","Domestic"
"EESA12067","EPC Grampian Ltd","07/02/2014","Suspended","non-compliance","20/12/2016","Domestic"
"EESA12068","GM Contracts Ltd","07/02/2014","Suspended","non-compliance","20/12/2016","Domestic"
"EESA12069","Concept Insulations Ltd","07/02/2014","Withdrawn","voluntary withdrawal","20/12/2016","Domestic"
"EESA12073","Direct Savings (Scotland) Limited","21/10/2015","Withdrawn","voluntary withdrawal","20/12/2016","Domestic"
"EESA12074","Ecofitter LLP","21/03/2014","Suspended","non-compliance","20/12/2016","Domestic"
"EESA12075","GZ Energy Solutions Limited","04/04/2014","Suspended","non-compliance","20/12/2016","Domestic"
"EESA12076","HVA Ltd T/A Just EPC","11/04/2014","Suspended","non-compliance","20/12/2016","Domestic"
"EESA12079","B E Insulated","02/05/2014","Withdrawn","voluntary withdrawal","20/12/2016","Domestic"
"EESA12080","Hardies LLP t/A Hardies Property & Construction Consultants","06/06/2014","Authorised","initial authorisation","20/12/2016","Domestic"
"EESA12081","Amethorpe Property Services Ltd","13/06/2014","Suspended","non-compliance","20/12/2016","Domestic"
"EESA12082","Linked In Training","13/06/2014","Suspended","non-compliance","20/12/2016","Domestic"
"EESA12083","Brand Extension UK Limited","21/10/2015","Withdrawn","voluntary withdrawal","20/12/2016","Domestic"
"EESA12084","RE: Structure Limited","04/07/2014","Withdrawn","voluntary withdrawal","20/12/2016","Domestic"
"EESA12085","BR Testing Ltd","11/07/2014","Suspended","non-compliance","20/12/2016","Domestic"
"EESA12086","Devine Energy Ltd","11/07/2014","Authorised","re-authorised","20/12/2016","Domestic"
"EESA12087","Sun Spirit Ltd","11/07/2014","Suspended","non-compliance","20/12/2016","Domestic"
"EESA12088","Local Energy Ltd","18/07/2014","Withdrawn","voluntary withdrawal","20/12/2016","Domestic"
"EESA12089","Green ROI Ltd T/A Ecobytes","18/07/2014","Withdrawn","voluntary withdrawal","20/12/2016","Non-domestic"
"EESA12090","City Energy South Wales","18/07/2014","Withdrawn","voluntary withdrawal","20/12/2016","Domestic"
"EESA12092","Green Energy Surveyors Limited","18/07/2014","Suspended","non-compliance","20/12/2016","Domestic"
"EESA12094","Phoenix Gas Services Limited","25/07/2014","Suspended","non-compliance","20/12/2016","Domestic"
"EESA12095","Greenstar Energy UK Limited T/A Ecotrans Energy","05/07/2014","Suspended","non-compliance","20/12/2016","Domestic"
"EESA12096","Certa Solutions Limited T/A Certa Solutions","08/08/2014","Withdrawn","voluntary withdrawal","20/12/2016","Domestic"
"NAPA20862","Eco Deal Limited","14/12/2012","Withdrawn","voluntary withdrawal","20/12/2016","Domestic"
"NAPA21780","The Green Deal Factory Ltd","22/03/2013","Withdrawn","voluntary withdrawal","20/01/2017","Domestic"
"NAPA21279","ESH Construction Ltd","12/04/2013","Withdrawn","non-renewal of membership","20/12/2016","Domestic"
"NAPA21591","Bartram Walker Ltd","12/04/2013","Withdrawn","non-renewal of membership","20/12/2016","Domestic"
"NAPA21981","Green Assessors Limited t/a Green Assessors","25/01/2013","Withdrawn","non-compliance","20/12/2016","Domestic"
"NAPA22268","Green Insulations & Energy Solutions Ltd","05/07/2013","Withdrawn","ceased trading","20/12/2016","Domestic"
"NAPA24188","Rejuicing Ltd T/A Regional Buildings Assessments (RBA)","11/04/2014","Withdrawn","non-renewal of membership","20/12/2016","Domestic"
"NAPA14015","All Renewable Energy Limited","04/07/2014","Withdrawn","non-renewal of membership","20/12/2016","Domestic"
"NICA00102","Complete Green Solutions Ltd","18/01/2013","Withdrawn","voluntary withdrawal","20/12/2016","Domestic"
"NICA00104","First Call Trade Services Ltd","08/02/2013","Withdrawn","other","20/12/2016","Domestic"
"NICA00106","Carillion Plc","18/02/2013","Withdrawn","voluntary withdrawal","20/12/2016","Domestic"
"NICA00107","Low Carbon Exchange Ltd","08/03/2013","Withdrawn","voluntary withdrawal","20/12/2016","Domestic"
"NICA00115","Ashfield District Council","19/07/2013","Withdrawn","voluntary withdrawal","20/12/2016","Domestic"
"NICA00118","Jackson & Son Ltd","11/10/2013","Withdrawn","voluntary withdrawal","20/12/2016","Domestic"
"NICA00119","AFM Gas Services Ltd","13/12/2013","Withdrawn","voluntary withdrawal","20/12/2016","Domestic"
"NICA00121","Whitfield Gas Care","02/05/2014","Withdrawn","voluntary withdrawal","20/12/2016","Domestic"
"NICA00123","Energy Solutions Eco Green","23/05/2014","Withdrawn","non-compliance","20/12/2016","Domestic"
"NICA00124","Your Green Deal Ltd","27/06/2014","Withdrawn","voluntary withdrawal","20/12/2016","Domestic"
"NICA00125","Insulation Techniques & Services Ltd","25/07/2014","Withdrawn","voluntary withdrawal","20/12/2016","Domestic"
"NICA00126","Go Green Partners Ltd","01/08/2014","Withdrawn","voluntary withdrawal","20/12/2016","Domestic"
"QUIA00003","Severn Wye Energy Agency","13/02/2013","Withdrawn","voluntary withdrawal","20/12/2016","Domestic"
"QUIA00015","Tony Cranwell","18/04/2013","Withdrawn","voluntary withdrawal","20/12/2016","Domestic"
"QUIA00002","QED Energy Ltd","03/05/2013","Withdrawn","voluntary withdrawal","20/12/2016","Domestic"
"QUIA00029","RBA Management Services","03/05/2013","Withdrawn","non-compliance","20/12/2016","Domestic"
"QUIA00035","Shelter 4 Green Deal","07/06/2013","Withdrawn","voluntary withdrawal","20/12/2016","Domestic"
"QUIA00037","Talk Green Ltd","07/06/2013","Withdrawn","voluntary withdrawal","20/12/2016","Domestic"
"QUIA00018","Halogen Fairies Ltd","20/06/2013","Withdrawn","voluntary withdrawal","20/12/2016","Domestic"
"QUIA00038","Energy Performance Direct Ltd","28/06/2013","Withdrawn","voluntary withdrawal","20/12/2016","Domestic"
"QUIA00034","Man Green Solutions Ltd","26/07/2013","Withdrawn","voluntary withdrawal","20/12/2016","Domestic"
"QUIA00043","Mere End Consultants Ltd","20/08/2013","Withdrawn","voluntary withdrawal","20/12/2016","Domestic"
"QUIA00032","Quodox Energy Ltd","19/09/2013","Withdrawn","voluntary withdrawal","20/12/2016","Domestic"
"QUIA00022","One Stop Energy","29/11/2013","Withdrawn","voluntary withdrawal","20/12/2016","Domestic"
"QUIA00051","Compliance365","17/01/2014","Withdrawn","voluntary withdrawal","20/12/2016","Domestic"
"QUIA00054","1 A Naismith Energy Assessors","27/03/2014","Withdrawn","voluntary withdrawal","20/12/2016","Domestic"
"QUIA00058","The Smith Emsley Partnership Ltd","30/05/2014","Withdrawn","voluntary withdrawal","20/12/2016","Domestic"
"QUIA00031","First Choice Energy Systems Ltd","18/07/2013","Withdrawn","voluntary withdrawal","20/12/2016","Domestic"
"QUIA00007","Energy Efficiency Consultancy Ltd","15/03/2013","Withdrawn","voluntary withdrawal","20/12/2016","Non-domestic"
"QUIA00065","Silver City Energy Ltd","05/09/2014","Withdrawn","non-compliance","20/12/2016","Domestic"
"QUIA00067","GreenDeal Pembrokeshire Ltd","19/09/2014","Withdrawn","voluntary withdrawal","20/12/2016","Domestic"
"WMKA10002","Central Green Deal Limited","26/07/2013","Withdrawn","voluntary withdrawal","20/12/2016","Domestic"
"BSIA21149","The Warmer Group","02/10/2014","Withdrawn","non-compliance","20/12/2016","Domestic"
"STRA10256","Green Hut Energy Ltd","03/10/2014","Withdrawn","non-renewal of membership","15/02/2017","Domestic"
"STRA10257","Green Energy Living","03/10/2014","Withdrawn","non-renewal of membership","20/12/2016","Domestic"
"STRA10258","Gas-elec Group","03/10/2014","Withdrawn","non-renewal of membership","20/12/2016","Domestic"
"STRA10259","Eco Living Green","03/10/2014","Withdrawn","non-renewal of membership","15/02/2017","Domestic"
"EESA12097","David Hayes - The Business Agent (South West) Ltd T/A Southernhay Living","03/10/2014","Withdrawn","voluntary withdrawal","20/12/2016","Domestic"
"NAPA24594","Cumbria Energy Consultants","19/11/2014","Withdrawn","voluntary withdrawal","20/12/2016","Domestic"
"QUIA00068","EPC Online","03/10/2014","Withdrawn","voluntary withdrawal","20/12/2016","Domestic"
"STRA10260","Green Deal Report Limited T/A Domestic & Commercial Heating","10/10/2014","Withdrawn","non-renewal of membership","20/12/2016","Domestic"
"STRA10261","Eco Target Ltd","10/10/2014","Withdrawn","non-renewal of membership","20/12/2016","Domestic"
"STRA10262","Pyramid Solution South East Limited","10/10/2014","Authorised","initial authorisation","20/12/2016","Domestic"
"STRA10263","Energy Solutions","10/10/2014","Withdrawn","non-renewal of membership","20/12/2016","Domestic"
"STRA10264","Energy Saving Surveys Limited","17/10/2014","Withdrawn","non-renewal of membership","20/12/2016","Domestic"
"STRA10265","Green Home Systems Limited","17/10/2014","Withdrawn","non-renewal of membership","20/12/2016","Domestic"
"EESA12099","Anesco Limited","17/10/2014","Suspended","non-compliance","20/12/2016","Domestic"
"EESA12100","Able Lee","17/10/2014","Withdrawn","voluntary withdrawal","20/12/2016","Domestic"
"EESA12101","One Planets Consultants","17/10/2014","Suspended","non-compliance","20/12/2016","Domestic"
"QUIA00064","One Number To Call Ltd","13/10/2014","Withdrawn","non-compliance","20/12/2016","Domestic"
"QUIA00070","Energy Efficiency Surveys Nationwide Ltd","24/10/2014","Withdrawn","voluntary withdrawal","20/12/2016","Domestic"
"BSIA22369","JJ Select T/A Energywise","28/10/2014","Authorised","initial authorisation","20/12/2016","Domestic"
"STRA10266","Rainbow Eco Solutions","31/10/2014","Authorised","initial authorisation","20/12/2016","Domestic"
"STRA10103","South Tyneside Homes Ltd","07/11/2014","Withdrawn","non-renewal of membership","20/12/2016","Domestic"
"EESA12102","Greener Homes Advice Centre","07/11/2014","Withdrawn","ceased trading","20/12/2016","Domestic"
"EESA12103","Carbon Active Limited","07/11/2014","Suspended","non-compliance","20/12/2016","Domestic"
"STRA10267","WA Eneregy Service s Limited","07/11/2014","Withdrawn","non-renewal of membership","20/12/2016","Domestic"
"STRA10268","Harper Vale Limited","14/11/2014","Withdrawn","non-renewal of membership","20/12/2016",""
"STRA10269","Cobra Works T/A Andrews Energy Inspections","21/11/2014","Withdrawn","voluntary withdrawal","20/12/2016","Domestic"
"STRA10270","Complete Certification Ltd","21/11/2014","Withdrawn","non-renewal of membership","20/12/2016","Domestic"
"STRA10271","First Choice Energy Solutions Ltd","21/11/2014","Withdrawn","non-renewal of membership","20/12/2016","Domestic"
"STRA10272","City Energy Assessors Ltd","21/11/2014","Withdrawn","non-renewal of membership","20/12/2016","Domestic"
"EESA12104","McGill & Co Ltd T/A McGill","21/11/2014","Suspended","non-compliance","20/12/2016","Domestic"
"STRA10273","Green Grant Efficiency LTD","28/11/2014","Withdrawn","non-renewal of membership","20/12/2016","Domestic"
"STRA10274","NEEB Green Deal","28/11/2014","Withdrawn","non-renewal of membership","20/12/2016","Domestic"
"EESA12105","Alex Murray (Construction) Ltd","28/11/2014","Withdrawn","voluntary withdrawal","20/12/2016","Domestic"
"STRA10275","Intenco Surveys Ltd","05/12/2014","Withdrawn","voluntary withdrawal","20/12/2016","Domestic"
"STRA10276","AE Insulation Ltd","05/12/2014","Authorised","initial authorisation","20/12/2016","Domestic"
"STRA10277","Warmer Energy Services","05/12/2014","Withdrawn","non-renewal of membership","20/12/2016","Domestic"
"EESA12114","Wisemove Land & Property Consultants Ltd","05/12/2014","Suspended","non-compliance","20/12/2016","Domestic"
"BSIA29231","Bierce Technical Services Ltd","09/12/2014","Withdrawn","non-compliance","20/12/2016","Domestic"
"STRA10278","Green Deal Energy Services (UK) Ltd","12/12/2014","Withdrawn","non-renewal of membership","20/12/2016","Domestic"
"STRA10279","VNR Contracting Services Ltd","12/12/2014","Withdrawn","non-renewal of membership","20/12/2016","Domestic"
"STRA10280","Sleaford Electrical & Refrigeration Co. Ltd. T/A SERCO","19/12/2014","Withdrawn","non-renewal of membership","20/12/2016","Domestic"
"EESA12071","ESI Scotland Ltd","21/02/2014","Suspended","non-compliance","20/12/2016","Domestic"
"EESA12115","Conwy Valley Windows and Conservatories Ltd","19/12/2014","Suspended","non-compliance","20/12/2016","Domestic"
"NICA00103","Eulinx Energy Services","08/02/2013","Withdrawn","other","20/12/2016","Domestic"
"STRA10281","Alsecco (U.K.) Limited","09/01/2015","Withdrawn","non-renewal of membership","20/12/2016","Domestic"
"QUIA00071","Energy Saving Green Deal Ltd","09/01/2015","Withdrawn","voluntary withdrawal","20/12/2016","Domestic"
"QUIA00072","The Green Deal Energy Shop Ltd","09/01/2015","Withdrawn","voluntary withdrawal","20/12/2016","Domestic"
"STRA10282","RFS (Remison Facilities Services Ltd)","16/01/2015","Withdrawn","non-renewal of membership","20/12/2016","Domestic"
"STRA10283","EPC Green LTD","23/01/2015","Withdrawn","non-renewal of membership","20/12/2016","Domestic"
"STRA10284","Pro Energy Advice Ltd","23/01/2015","Withdrawn","voluntary withdrawal","20/12/2016","Domestic"
"STRA10285","A Shade Greener","23/01/2015","Withdrawn","non-renewal of membership","20/12/2016","Domestic"
"EESA12116","Neath Port Talbot County Borough Council","30/01/2015","Suspended","non-compliance","20/12/2016","Domestic"
"BSIA31648","OM2 Solutions Ltd","02/02/2015","Withdrawn","non-compliance","20/12/2016","Domestic"
"STRA10286","Green Deal Assist Ltd","06/02/2015","Withdrawn","non-renewal of membership","20/12/2016","Domestic"
"STRA10287","YES Energy Solutions","06/02/2015","Authorised","initial authorisation","20/12/2016","Domestic"
"EESA12117","Quality System Designs Limited","13/02/2015","Suspended","non-compliance","20/12/2016","Domestic"
"QUIA00074","Chris Hunter Ltd T/A Energess","13/02/2015","Withdrawn","voluntary withdrawal","20/12/2016","Domestic"
"QUIA00069","Rite Energy (Scotland) Ltd","13/02/2015","Withdrawn","voluntary withdrawal","20/12/2016","Domestic"
"STRA10288","Elevro","20/02/2015","Withdrawn","non-renewal of membership","20/12/2016","Domestic"
"QUIA00073","Concept Energy Solutions Ltd","19/02/2015","Withdrawn","voluntary withdrawal","20/12/2016","Domestic"
"STRA10289","Insulated Homes Ltd","27/02/2015","Withdrawn","non-renewal of membership","20/12/2016","Domestic"
"EESA12007","Work Work Ltd","31/12/2012","Authorised","re-authorised","20/12/2016","Domestic"
"QUIA00066","Your GDAO Ltd","05/09/2014","Withdrawn","non-compliance","20/12/2016","Domestic"
"STRA10290","Green Efficiencies Ltd","06/03/2015","Withdrawn","non-renewal of membership","26/01/2017","Domestic"
"NICA00127","Artizan Heating Limited","06/03/2015","Withdrawn","voluntary withdrawal","20/12/2016","Domestic"
"STRA10291","Ecojoules Group Ltd","13/03/2015","Withdrawn","non-renewal of membership","20/12/2016","Domestic"
"STRA10292","Gr33n Ltd","20/03/2015","Withdrawn","ceased trading","20/12/2016","Domestic"
"STRA10293","MMHG LTD T/A MakeMyHomeGreen","20/03/2015","Withdrawn","non-renewal of membership","20/12/2016","Domestic"
"EESA12118","Go Green South West Ltd","20/03/2015","Withdrawn","ceased trading","20/12/2016","Domestic"
"NICA00117","Prolectric Services Ltd","09/08/2013","Withdrawn","non-compliance","20/12/2016","Domestic"
"STRA10294","Simply GDAO Ltd","27/03/2015","Withdrawn","voluntary withdrawal","20/12/2016","Domestic"
"STRA10295","Contract Data Management Limited T/A Neoverde","27/03/2015","Withdrawn","voluntary withdrawal","20/12/2016","Domestic"
"STRA10296","Renewergies Ltd","27/03/2015","Withdrawn","non-renewal of membership","20/12/2016","Domestic"
"ECMA30001","Vibrant Energy Matters","27/03/2015","Authorised","initial authorisation","20/12/2016","Domestic"
"STRA10297","Innoza T/A Kingsmeer Domestic Energy Assessors","02/04/2015","Withdrawn","non-renewal of membership","20/12/2016","Domestic"
"STRA10298","Carbon Active Ltd","10/04/2015","Withdrawn","non-renewal of membership","20/12/2016","Domestic"
"STRA10299","S C Enterprises Ltd","17/04/2015","Withdrawn","non-renewal of membership","15/02/2017","Domestic"
"ECMA30003","Greenoke Assessments & Installations Limited","17/04/2015","Withdrawn","voluntary withdrawal","20/12/2016","Domestic"
"ECMA30004","HELMS","17/04/2015","Withdrawn","voluntary withdrawal","17/01/2017","Domestic"
"QUIA00011","Bright Green Assessments","13/03/2014","Withdrawn","non-compliance","20/12/2016","Domestic"
"STRA10300","Energy Saving Solutions (SW) Ltd","24/04/2015","Withdrawn","non-renewal of membership","20/12/2016","Domestic"
"STRA10301","Survey Marketplace Ltd","24/04/2015","Withdrawn","non-renewal of membership","20/12/2016","Domestic"
"EESA12119","Eco Measure Market Exchange Ltd","24/04/2015","Withdrawn","ceased trading","20/12/2016","Domestic"
"EESA12112","Lochalsh & Skye Housing Association - Energy Advice Service","13/11/2014","Authorised","re-authorised","20/12/2016","Domestic"
"STRA10302","Quidex Ltd","08/05/2015","Withdrawn","non-renewal of membership","20/12/2016","Domestic"
"STRA10303","ATC Construction","08/05/2015","Withdrawn","non-renewal of membership","08/05/2017","Domestic"
"ECMA30005","Infinity Energy Organisation","08/05/2015","Withdrawn","non-renewal of membership","20/12/2016","Domestic"
"ECMA30006","Portsmouth City Council","08/05/2015","Withdrawn","voluntary withdrawal","20/12/2016","Domestic"
"STRA10304","Ayrshire energy Reports","15/05/2015","Withdrawn","non-renewal of membership","20/12/2016","Domestic"
"ECMA00023","JM Page Ltd","21/10/2013","Withdrawn","non-renewal of membership","20/12/2016","Domestic"
"ECMA30007","Enhance Energy Solutions Ltd","16/02/2015","Withdrawn","voluntary withdrawal","17/01/2017","Domestic"
"ECMA30008","Solarwise Renewables Ltd","15/05/2015","Authorised","re-authorised","20/12/2016","Domestic"
"ECMA30009","Green Energy Advisor Ltd","15/05/2015","Withdrawn","non-renewal of membership","20/12/2016","Domestic"
"QUIA00075","Cameron and Fergusson Ltd","15/05/2015","Withdrawn","voluntary withdrawal","20/12/2016","Domestic"
"STRA10305","SIG Energy Ltd","22/05/2015","Withdrawn","non-renewal of membership","20/12/2016","Domestic"
"STRA10306","The Big Green Energy Company Ltd","22/05/2015","Withdrawn","non-renewal of membership","20/12/2016","Domestic"
"STRA10307","Premier Plumbing & Heating","22/05/2015","Withdrawn","non-renewal of membership","20/12/2016","Domestic"
"ECMA00026","DMS Installations Ltd","20/12/2013","Authorised","initial authorisation","20/12/2016","Domestic"
"QUIA00060","WM Donnelly & Company Ltd","13/06/2014","Withdrawn","voluntary withdrawal","20/12/2016","Domestic"
"STRA10308","Green Deal Centre","29/05/2015","Withdrawn","non-renewal of membership","20/12/2016","Domestic"
"STRA10309","All-Building Energy Solutions","05/06/2015","Withdrawn","non-renewal of membership","20/12/2016","Domestic"
"EESA12120","Apex Green Ltd","05/06/2015","Suspended","non-compliance","20/12/2016","Domestic"
"STRA10310","Ramstein Gold Ltd","12/06/2015","Withdrawn","non-renewal of membership","20/12/2016","Domestic"
"ECMA00027","Inteb","17/01/2014","Withdrawn","voluntary withdrawal","20/12/2016","Domestic"
"EESA12113","Reporting Limited","28/01/2013","Suspended","non-compliance","20/12/2016","Domestic"
"EESA12107","Concept Energy Solutions limited","08/09/2013","Withdrawn","voluntary withdrawal","20/12/2016","Non-domestic"
"EESA12108","Job Worth Doing Ltd","11/10/2013","Suspended","non-compliance","20/12/2016","Domestic"
"EESA12109","MakeMyHomeGreen","25/10/2013","Suspended","non-compliance","20/12/2016","Domestic"
"EESA12110","Sasie Ltd","02/12/2013","Suspended","non-compliance","20/12/2016","Domestic"
"EESA12111","Clouds Environmental Consultancy Ltd","23/07/2014","Suspended","non-compliance","20/12/2016","Non-domestic"
"EESA12121","Federation of Groundwork Trusts","02/10/2013","Withdrawn","voluntary withdrawal","20/12/2016","Domestic"
"EESA12122","Green Deal Way Limited","12/06/2015","Withdrawn","voluntary withdrawal","20/12/2016","Domestic"
"STRA10311","Groundwork Oldham & Rochdale T/A Groundwork in Bolton, Bury, Oldham & Rochdale","19/06/2015","Authorised","initial authorisation","20/12/2016","Domestic"
"STRA10312","Energy Performance Services","19/06/2015","Authorised","initial authorisation","20/12/2016","Domestic"
"BSIA38614","Carbon Saving Solutions","24/06/2015","Authorised","initial authorisation","20/12/2016","Domestic"
"STRA10313","Southern Energy Solutions (Property Services) Limited","26/06/2015","Withdrawn","ceased trading","20/12/2016","Domestic"
"EESA12123","Ramstein Gold","26/06/2015","Suspended","non-compliance","20/12/2016","Domestic"
"QUIA00061","Viridium","13/06/2014","Withdrawn","voluntary withdrawal","20/12/2016","Domestic"
"STRA10314","Central Gas Maintenance Ltd t/a Heatserve","03/07/2015","Withdrawn","non-renewal of membership","20/12/2016","Domestic"
"EESA12098","CV Energy Limited","17/10/2014","Withdrawn","voluntary withdrawal","20/12/2016","Domestic"
"BSIA39510","Energy Performance Services","10/07/2015","Withdrawn","voluntary withdrawal","20/12/2016","Domestic"
"QUIA00006","Sota Energy Limited","20/02/2013","Withdrawn","non-compliance","20/12/2016","Domestic"
"QUIA00012","ABR Energy","21/03/2014","Withdrawn","non-compliance","20/12/2016","Domestic"
"QUIA00017","Save Co2 Ltd","15/11/2013","Withdrawn","non-compliance","20/12/2016","Domestic"
"QUIA00019","Green Leaf Efficiencies Ltd","18/04/2013","Withdrawn","non-compliance","20/12/2016","Domestic"
"QUIA00020","AAA Green Deal Assessors Ltd","03/05/2013","Withdrawn","non-renewal of membership","20/12/2016","Domestic"
"QUIA00021","Green Deal Consulting","12/04/2013","Withdrawn","ceased trading","20/12/2016",""
"QUIA00023","1North Ltd","26/04/2013","Withdrawn","non-compliance","20/12/2016","Domestic"
"QUIA00024","GMGB","19/04/2013","Withdrawn","non-renewal of membership","20/12/2016","Domestic"
"QUIA00025","Merseyside Central Heating Ltd","03/05/2013","Withdrawn","non-compliance","20/12/2016","Domestic"
"QUIA00026","Green Deal Nationwide","23/10/2013","Withdrawn","non-renewal of membership","20/12/2016","Domestic"
"QUIA00027","Synergy EPC","05/06/2013","Withdrawn","non-compliance","20/12/2016","Domestic"
"QUIA00033","Ampere GDP Ltd","14/05/2013","Withdrawn","ceased trading","20/12/2016","Domestic"
"QUIA00036","BeExpress Energy Advisors","14/06/2013","Withdrawn","non-renewal of membership","20/12/2016","Domestic"
"QUIA00041","Green Start","18/07/2013","Withdrawn","non-compliance","20/12/2016","Domestic"
"QUIA00044","Remison Facilities Services","30/08/2013","Withdrawn","non-compliance","20/12/2016","Domestic"
"QUIA00045","letsgogreendeal.com","09/08/2013","Withdrawn","ceased trading","20/12/2016","Domestic"
"QUIA00046","BSMS Ltd","27/09/2013","Withdrawn","non-renewal of membership","20/12/2016","Domestic"
"QUIA00047","Catalyst Orkney","11/10/2013","Withdrawn","non-compliance","20/12/2016","Domestic"
"QUIA00048","MyBlueSkies Ltd","24/01/2014","Withdrawn","ceased trading","20/12/2016","Domestic"
"QUIA00053","Greendeal Helpline","07/02/2014","Withdrawn","ceased trading","20/12/2016","Domestic"
"QUIA00055","Eco Technical Services (UK) Ltd","25/04/2014","Withdrawn","non-compliance","20/12/2016","Domestic"
"QUIA00056","Nationwide EPC","09/05/2014","Withdrawn","voluntary withdrawal","20/12/2016","Domestic"
"QUIA00057","Energy Move Ltd","30/05/2014","Withdrawn","non-compliance","20/12/2016","Domestic"
"QUIA00059","Butterfield Property Maintenance Ltd","05/06/2014","Withdrawn","non-compliance","20/12/2016","Domestic"
"QUIA00004","Holt & Hughes","24/05/2013","Withdrawn","voluntary withdrawal","20/12/2016","Domestic"
"QUIA00005","LVAS Consulting Ltd","25/10/2013","Withdrawn","voluntary withdrawal","20/12/2016","Domestic"
"QUIA00008","Thrift Energy","21/02/2014","Withdrawn","voluntary withdrawal","20/12/2016","Domestic"
"QUIA00009","APEX Green Ltd","26/03/2013","Withdrawn","voluntary withdrawal","20/12/2016","Domestic"
"QUIA00010","Eclipse Renewable Energy","21/03/2014","Withdrawn","voluntary withdrawal","20/12/2016","Domestic"
"QUIA00013","Identify Energy Solutions","20/03/2014","Withdrawn","voluntary withdrawal","20/12/2016","Domestic"
"QUIA00014","Green Energy Corporation Ltd","08/11/2013","Withdrawn","voluntary withdrawal","20/12/2016","Domestic"
"QUIA00016","GDA Surveys Ltd","05/04/2013","Withdrawn","voluntary withdrawal","20/12/2016","Domestic"
"QUIA00028","Green Deal Manager UK Ltd","03/05/2013","Withdrawn","voluntary withdrawal","20/12/2016","Domestic"
"QUIA00030","Saving Money Solutions","21/05/2013","Withdrawn","voluntary withdrawal","20/12/2016","Domestic"
"QUIA00039","Enhance Energy Solutions Ltd","13/12/2013","Withdrawn","voluntary withdrawal","20/12/2016","Domestic"
"QUIA00040","Taskforce Contracts Ltd","15/08/2013","Withdrawn","voluntary withdrawal","20/12/2016","Domestic"
"QUIA00042","Quidex Limited","18/07/2013","Withdrawn","voluntary withdrawal","20/12/2016","Domestic"
"QUIA00049","Ecomorph Ltd","04/10/2013","Withdrawn","voluntary withdrawal","20/12/2016","Domestic"
"QUIA00050","DHS Energy Ltd","10/01/2014","Withdrawn","voluntary withdrawal","20/12/2016","Domestic"
"QUIA00052","Rock and Rose","17/01/2014","Withdrawn","voluntary withdrawal","20/12/2016","Domestic"
"QUIA00062","Glevum Energy","19/06/2014","Withdrawn","voluntary withdrawal","20/12/2016","Domestic"
"QUIA00063","ECO Green Zone","25/07/2014","Withdrawn","voluntary withdrawal","20/12/2016","Domestic"
"STRA10315","Apple Energy Carbon Services Ltd","10/07/2015","Withdrawn","non-renewal of membership","20/12/2016","Domestic"
"NICA00101","Darren Evans Assessments limited","06/09/2012","Withdrawn","voluntary withdrawal","20/12/2016","Domestic"
"NICA00105","Fusion Eco Group","15/02/2013","Withdrawn","voluntary withdrawal","20/12/2016","Domestic"
"NICA00108","Green Deal Eco Solutions","22/03/2013","Withdrawn","voluntary withdrawal","20/12/2016","Domestic"
"NICA00109","KA Watts","14/06/2013","Withdrawn","voluntary withdrawal","20/12/2016","Domestic"
"NICA00110","Midas Group Limited","14/06/2013","Withdrawn","voluntary withdrawal","20/12/2016","Domestic"
"NICA00111","Mr Green Energy Ltd","14/06/2013","Withdrawn","voluntary withdrawal","20/12/2016","Domestic"
"NICA00112","Energize Investments Ltd","28/06/2013","Withdrawn","voluntary withdrawal","20/12/2016","Domestic"
"NICA00113","Spa Renewable Energy Ltd","04/07/2013","Withdrawn","voluntary withdrawal","20/12/2016","Domestic"
"NICA00114","Tameside Energy Services Ltd","12/07/2013","Withdrawn","voluntary withdrawal","20/12/2016","Domestic"
"NICA00116","Northern Gas Heating Ltd","19/07/2013","Withdrawn","voluntary withdrawal","20/12/2016","Domestic"
"NICA00120","Sprint Energy","21/02/2014","Withdrawn","voluntary withdrawal","20/12/2016","Domestic"
"NICA00122","Wirral Eco Homes","23/05/2014","Withdrawn","voluntary withdrawal","20/12/2016","Domestic"
"ECMA30014","Green Deal Energy Services","17/07/2015","Withdrawn","voluntary withdrawal","20/12/2016","Domestic"
"STRA10316","Green Deal Finance Cornwall Ltd T/A Green Deal Cornwall","17/07/2015","Withdrawn","non-renewal of membership","15/02/2017","Domestic"
"EESA12124","Robert M. Edwards T/A Certa Solutions/RME Trading","24/07/2015","Suspended","non-compliance","20/12/2016","Domestic"
"STRA10317","Energy Alliance","24/07/2015","Withdrawn","non-renewal of membership","20/12/2016","Domestic"
"STRA10318","Plan View Assessment Solutions Ltd","24/07/2015","Withdrawn","non-renewal of membership","20/12/2016","Domestic"
"BSIA02323","Energy Max UK","30/07/2013","Withdrawn","non-compliance","20/12/2016","Domestic"
"STRA10319","EnergyCare (UK) Ltd","31/07/2015","Withdrawn","non-renewal of membership","20/12/2016","Domestic"
"EESA12125","Able Energy Limited","03/08/2015","Suspended","non-compliance","20/12/2016","Domestic"
"STRA10320","DEA Torbay","07/08/2015","Authorised","initial authorisation","20/12/2016","Domestic"
"ECMA3007","Enhance Energy Solutions Ltd","16/02/2015","Withdrawn","other","20/12/2016","Domestic"
"ECMA30021","Insta Group Limited","28/08/2015","Authorised","initial authorisation","20/12/2016","Domestic"
"STRA10321","Save Energy 2 Day","11/09/2015","Withdrawn","voluntary withdrawal","20/12/2016","Domestic"
"STRA10322","EA Renewables limited","18/09/2015","Withdrawn","non-renewal of membership","20/12/2016","Domestic"
"ECMA30022","Energize Investments Ltd","17/09/2015","Withdrawn","non-renewal of membership","20/12/2016","Domestic"
"ECMA30023","Green Home Systems Limited","22/09/2015","Authorised","initial authorisation","20/12/2016","Domestic"
"ECMA30024","Green Deal Ayrshire Ltd","07/10/2015","Authorised","re-authorised","20/12/2016","Domestic"
"ECMA30029","Union Technical Services Ltd","11/12/2015","Authorised","initial authorisation","20/12/2016","Domestic"
"STRA10323","Green Advice Service","18/12/2015","Authorised","initial authorisation","20/12/2016","Domestic"
"ECMA30031","First Property Services Ltd","06/01/2016","Authorised","initial authorisation","20/12/2016","Domestic"
"ECMA30033","Green Centric Ltd","11/01/2016","Withdrawn","non-compliance","20/12/2016","Domestic"
"ECMA30032","Greens Surveyors Ltd","12/01/2016","Withdrawn","voluntary withdrawal","07/02/2017","Domestic"
"STRA10324","Solar Future Energy Solutions Limited","12/02/2016","Withdrawn","non-renewal of membership","13/02/2017","Domestic"
"ECMA30034","Insulated Homes Limited","17/02/2016","Authorised","re-authorised","20/12/2016","Domestic"
"ECMA30036","Coast2Coast Energy Ltd","24/02/2016","Withdrawn","non-renewal of membership","20/12/2016","Domestic"
"STRA13567","URP (Partitions) Ltd","11/03/2016","Withdrawn","other","14/03/2017","Domestic"
"STRA12256","ECH Green Deal Ltd","24/03/2016","Withdrawn","non-renewal of membership","20/03/2017","Domestic"
"STRA13585","GM Sales & Marketing Ltd T/A Energy Savings Solutions","08/04/2016","Withdrawn","non-renewal of membership","07/04/2017","Domestic"
"EESA12126","Eulinx Energy Services","26/04/2016","Suspended","non-compliance","20/12/2016","Domestic"
"EESA12127","Warmworks LLP","18/05/2016","Authorised","initial authorisation","20/12/2016","Domestic"
"ECMA30037","Valley Heating Services Ltd","01/07/2016","Authorised","initial authorisation","20/12/2016","Domestic"
"ECMA30038","Gas Elec Safety Systems Ltd t/a Eco-Energi","06/07/2016","Authorised","initial authorisation","20/12/2016","Domestic"
"ECMA30039","EPC South West Ltd","20/07/2016","Withdrawn","non-renewal of membership","20/12/2016","Domestic"
"ECMA30040","QED Energy","22/07/2016","Withdrawn","voluntary withdrawal","07/03/2017","Domestic,Non-domestic"
"ECMA30041","One Stop Facilities Limited","22/07/2016","Authorised","initial authorisation","20/12/2016","Domestic"
"ECMA30042","Quodox Energy Ltd","22/07/2016","Withdrawn","voluntary withdrawal","17/01/2017","Domestic,Non-domestic"
"ECMA30043","Shelter 4 Green Deal","22/07/2016","Authorised","initial authorisation","20/12/2016","Domestic"
"ECMA30044","Talk Green Ltd","22/07/2016","Authorised","initial authorisation","20/12/2016","Domestic"
"ECMA30045","Mere End Consultants","22/07/2016","Authorised","initial authorisation","20/12/2016","Domestic"
"ECMA30046","1 A Naismith Energy Assessors","22/07/2016","Authorised","initial authorisation","20/12/2016","Domestic,Non-domestic"
"ECMA30047","The Smith Emsley Partnership Ltd","22/07/2016","Authorised","initial authorisation","20/12/2016","Domestic,Non-domestic"
"ECMA30048","Energy Efficiency Services Nationwide Ltd (EE Surveys)","22/07/2016","Authorised","initial authorisation","20/12/2016","Domestic"
"ECMA30049","Viridium","22/07/2016","Authorised","initial authorisation","20/12/2016","Domestic"
"STRA14126","E.ON Energy Installations Services","12/08/2016","Authorised","initial authorisation","20/12/2016","Domestic"
"ECMA30050","Logical Insulation Solutions Ltd","06/10/2016","Authorised","initial authorisation","20/12/2016","Domestic"
"ECMA30051","Logical Insulation Solutions Ltd","06/10/2016","Authorised","initial authorisation","20/12/2016","Domestic"
"ECMA30052","Eco-Tek Scotland Ltd","01/11/2016","Authorised","re-authorised","20/12/2016","Domestic"
"EESA12131","Evolve Partnership Limited","11/09/2013","Authorised","initial authorisation","20/12/2016","Domestic"
"EESA12077","Agility Survey Ltd","25/04/2014","Authorised","Initial authorisation","25/04/2014","Domestic,Non-domestic"
"EESA12041","Synergy Assessment Limited","07/06/2013","Suspended","non-compliance","20/12/2016","Domestic,Non-domestic"
